{"cameraMode":{"drawMode":0,"name":"Shaded","section":"Shading Mode"},"sceneLighting":true,"audioPlay":false,"sceneViewState":{"m_AlwaysRefresh":false,"showFog":true,"showSkybox":true,"showFlares":true,"showImageEffects":true,"showParticleSystems":true,"showVisualEffectGraphs":true,"m_FxEnabled":true},"in2DMode":false,"pivot":{"x":1.4927942752838135,"y":1.002861738204956,"z":1.7869751453399659},"rotation":{"x":0.05062829330563545,"y":-0.9479448795318604,"z":0.19403475522994996,"w":0.24740728735923768},"size":3.4030771255493166,"orthographic":false}