{"cameraMode":{"drawMode":0,"name":"Shaded","section":"Shading Mode"},"sceneLighting":true,"audioPlay":false,"sceneViewState":{"m_AlwaysRefresh":false,"showFog":true,"showSkybox":true,"showFlares":true,"showImageEffects":true,"showParticleSystems":true,"showVisualEffectGraphs":true,"m_FxEnabled":true},"in2DMode":false,"pivot":{"x":3.2657361030578615,"y":-3.6000568866729738,"z":46.328399658203128},"rotation":{"x":0.2534920573234558,"y":-0.49833518266677859,"z":0.15532729029655457,"w":0.8146097660064697},"size":16.22852897644043,"orthographic":false}